thomas_num,thomas_name,id,icpsr,congress,year,st_name,cd,Democrat?,ss_bills,ss_aic,ss_abc,ss_pass,ss_law,s_bills,s_aic,s_abc,s_pass,s_law,c_bills,c_aic,c_abc,c_pass,c_law,LES,LES Rank In Party,Total in Party,Benchmark,Expectations?
7565,"Abercrombie, Neil",1101101,15245,110,2007-08,HI,1,1,0,0,0,0,0,11,3,3,3,0,0,0,0,0,0,0.939,117,242,1.584,Meets Expectations
7566,"Ackerman, Gary",1103205,15000,110,2007-08,NY,5,1,0,0,0,0,0,29,1,1,1,0,0,0,0,0,0,0.630,155,242,1.859,Below Expectations
7567,"Aderholt, Robert",1100104,29701,110,2007-08,AL,4,0,0,0,0,0,0,3,0,1,1,0,1,0,1,1,0,0.256,116,205,0.492,Meets Expectations
7568,"Akin, W.",1102502,20123,110,2007-08,MO,2,0,0,0,0,0,0,6,0,0,0,0,3,3,3,3,0,0.243,124,205,0.355,Meets Expectations
7569,"Alexander, Rodney",1101805,90327,110,2007-08,LA,5,0,0,0,0,0,0,6,0,0,0,0,2,1,1,1,1,0.203,135,205,0.286,Meets Expectations
7570,"Allen, Thomas",1101901,29728,110,2007-08,ME,1,1,0,0,0,0,0,24,5,3,3,0,0,0,0,0,0,1.275,94,242,0.943,Meets Expectations
7571,"Altmire, Jason",1103804,20743,110,2007-08,PA,4,1,0,0,0,0,0,23,2,3,3,1,1,1,1,1,1,1.472,70,242,1.034,Meets Expectations
7572,"Andrews, Robert",1103001,29132,110,2007-08,NJ,1,1,0,0,0,0,0,33,2,1,0,0,0,0,0,0,0,0.669,149,242,1.584,Below Expectations
7573,"Arcuri, Michael",1103224,20736,110,2007-08,NY,24,1,0,0,0,0,0,5,0,0,0,0,1,1,1,1,1,0.188,222,242,0.600,Below Expectations
7574,"Baca, Joe",1100543,29942,110,2007-08,CA,43,1,0,0,0,0,0,22,1,0,0,0,4,1,2,2,1,0.531,169,242,1.309,Below Expectations
7575,"Bachmann, Michele",1102306,20728,110,2007-08,MN,6,0,0,0,0,0,0,13,0,0,0,0,0,0,0,0,0,0.163,149,205,0.148,Meets Expectations
7576,"Bachus, Spencer",1100106,29301,110,2007-08,AL,6,0,0,0,0,0,0,3,0,1,1,0,0,0,0,0,0,0.218,130,205,0.630,Below Expectations
7577,"Baird, Brian",1104703,29938,110,2007-08,WA,3,1,0,0,0,0,0,26,3,3,3,0,0,0,0,0,0,1.127,104,242,1.309,Meets Expectations
7578,"Baker, Richard",1101806.1,15401,110,2007-08,LA,6,0,0,0,0,0,0,13,0,0,0,0,0,0,0,0,0,0.163,147,205,0.836,Below Expectations
7579,"Baldwin, Tammy",1104902,29940,110,2007-08,WI,2,1,0,0,0,0,0,16,6,5,4,2,1,0,0,0,0,2.217,43,242,0.875,Exceeds Expectations
7580,"Barrett, J.",1104003,20347,110,2007-08,SC,3,0,0,0,0,0,0,14,0,0,0,0,2,1,1,1,1,0.303,106,205,0.286,Meets Expectations
7581,"Barrow, John",1101012,20507,110,2007-08,GA,12,1,0,0,0,0,0,16,0,1,1,0,1,0,0,0,0,0.383,191,242,0.668,Meets Expectations
7582,"Bartlett, Roscoe",1102006,29356,110,2007-08,MD,6,0,0,0,0,0,0,22,0,0,0,0,0,0,0,0,0,0.276,111,205,0.630,Below Expectations
7583,"Barton, Joe",1104306,15085,110,2007-08,TX,6,0,0,0,0,0,0,15,0,0,0,0,0,0,0,0,0,0.188,142,205,0.905,Below Expectations
7584,"Bean, Melissa",1101308,20509,110,2007-08,IL,8,1,0,0,0,0,0,17,3,3,3,1,0,0,0,0,0,1.359,79,242,1.102,Meets Expectations
7585,"Becerra, Xavier",1100531,29316,110,2007-08,CA,31,1,0,0,0,0,0,16,0,1,1,0,0,0,0,0,0,0.380,192,242,1.081,Below Expectations
7586,"Berkley, Shelley",1102801,29922,110,2007-08,NV,1,1,0,0,0,0,0,20,2,1,1,0,0,0,0,0,0,0.605,158,242,0.875,Meets Expectations
7587,"Berman, Howard",1100528,15005,110,2007-08,CA,28,1,4,3,4,4,2,28,11,13,9,5,0,0,0,0,0,8.424,4,242,5.454,Exceeds Expectations
7588,"Berry, Marion",1100401,29702,110,2007-08,AR,1,1,0,0,0,0,0,13,1,0,0,0,0,0,0,0,0,0.250,217,242,0.943,Below Expectations
7589,"Biggert, Judy",1101313,29912,110,2007-08,IL,13,0,0,0,0,0,0,29,1,3,3,0,1,0,0,0,0,0.993,23,205,0.424,Exceeds Expectations
7590,"Bilbray, Brian",1100550,29508,110,2007-08,CA,50,0,0,0,0,0,0,9,1,1,1,0,0,0,0,0,0,0.380,81,205,0.148,Exceeds Expectations
7591,"Bilirakis, Gus",1100909,20758,110,2007-08,FL,9,0,0,0,0,0,0,23,4,1,1,0,0,0,0,0,0,0.816,33,205,0.974,Meets Expectations
7592,"Bishop, Rob",1104401,20357,110,2007-08,UT,1,0,0,0,0,0,0,10,4,5,5,0,0,0,0,0,0,1.373,12,205,0.286,Exceeds Expectations
7593,"Bishop, Timothy",1103201,20338,110,2007-08,NY,1,1,0,0,0,0,0,11,3,3,2,0,0,0,0,0,0,0.840,130,242,0.737,Meets Expectations
7594,"Bishop, Sanford",1101002,29339,110,2007-08,GA,2,1,0,0,0,0,0,18,0,0,0,0,2,0,1,1,1,0.336,201,242,1.081,Below Expectations
7595,"Blackburn, Marsha",1104207,20351,110,2007-08,TN,7,0,0,0,0,0,0,14,0,0,0,0,1,0,1,1,1,0.283,110,205,0.286,Meets Expectations
7596,"Blumenauer, Earl",1103703,29588,110,2007-08,OR,3,1,0,0,0,0,0,32,3,1,0,0,1,1,1,1,0,0.800,135,242,0.943,Meets Expectations
7597,"Blunt, Roy",1102507,29735,110,2007-08,MO,7,0,0,0,0,0,0,10,0,1,1,0,0,0,0,0,0,0.305,105,205,0.492,Meets Expectations
7598,"Boehner, John",1103508,29137,110,2007-08,OH,8,0,0,0,0,0,0,3,1,0,0,0,0,0,0,0,0,0.125,167,205,0.699,Below Expectations
7599,"Bonner, Jo",1100101,20300,110,2007-08,AL,1,0,0,0,0,0,0,18,0,0,0,0,0,0,0,0,0,0.226,127,205,0.286,Meets Expectations
7600,"Bono Mack, Mary",1100545,29775,110,2007-08,CA,45,0,0,0,0,0,0,13,4,4,4,1,1,1,1,1,1,1.701,6,205,0.424,Exceeds Expectations
7601,"Boozman, John",1100403,20101,110,2007-08,AR,3,0,0,0,0,0,0,18,6,4,4,0,0,0,0,0,0,1.467,7,205,0.355,Exceeds Expectations
7602,"Bordallo, Madeleine",110.1,,110,2007-08,GU,1,,0,0,0,0,0,19,9,5,5,1,0,0,0,0,0,2.266,.,.,0.720,Exceeds Expectations
7603,"Boren, Dan",1103602,20523,110,2007-08,OK,2,1,0,0,0,0,0,19,3,3,3,2,1,1,1,1,1,1.854,51,242,0.668,Exceeds Expectations
7604,"Boswell, Leonard",1101503,29721,110,2007-08,IA,3,1,0,0,0,0,0,17,1,1,1,1,1,1,1,1,1,0.950,116,242,1.377,Meets Expectations
7605,"Boucher, Rick",1104609,15010,110,2007-08,VA,9,1,0,0,0,0,0,21,10,10,4,3,0,0,0,0,0,3.380,20,242,1.859,Exceeds Expectations
7606,"Boustany, Charles",1101807,20514,110,2007-08,LA,7,0,0,0,0,0,0,8,0,0,0,0,0,0,0,0,0,0.100,172,205,0.217,Below Expectations
7607,"Boyd, Allen",1100902,29713,110,2007-08,FL,2,1,0,0,0,0,0,5,1,1,1,0,0,0,0,0,0,0.330,204,242,0.943,Below Expectations
7608,"Boyda, Nancy",1101602,20721,110,2007-08,KS,2,1,0,0,0,0,0,13,2,4,4,1,0,0,0,0,0,1.402,73,242,0.600,Exceeds Expectations
7609,"Brady, Kevin",1104308,29760,110,2007-08,TX,8,0,0,0,0,0,0,16,1,1,1,0,0,0,0,0,0,0.467,70,205,0.492,Meets Expectations
7610,"Brady, Robert",1103801,29777,110,2007-08,PA,1,1,0,0,0,0,0,14,8,10,10,5,0,0,0,0,0,4.397,11,242,4.904,Meets Expectations
7611,"Braley, Bruce",1101501,20719,110,2007-08,IA,1,1,0,0,0,0,0,17,5,3,3,0,0,0,0,0,0,1.188,99,242,1.034,Meets Expectations
7612,"Broun, Paul",1101010.2,20753,110,2007-08,GA,10,0,0,0,0,0,0,11,1,1,0,0,0,0,0,0,0,0.307,104,205,0.148,Exceeds Expectations
7613,"Brown, Corrine",1100903,29328,110,2007-08,FL,3,1,0,0,0,0,0,10,1,1,1,0,0,0,0,0,0,0.392,188,242,1.515,Below Expectations
7614,"Brown, Henry",1104001,20137,110,2007-08,SC,1,0,0,0,0,0,0,31,4,2,2,1,0,0,0,0,0,1.442,9,205,0.355,Exceeds Expectations
7615,"Brown-Waite, Ginny",1100905,20313,110,2007-08,FL,5,0,0,0,0,0,0,23,2,0,0,0,4,3,4,4,4,0.945,24,205,0.286,Exceeds Expectations
7616,"Buchanan, Vern",1100913,20709,110,2007-08,FL,13,0,0,0,0,0,0,6,1,1,1,0,1,1,1,1,0,0.398,78,205,0.148,Exceeds Expectations
7617,"Burgess, Michael",1104326,20355,110,2007-08,TX,26,0,0,0,0,0,0,27,2,2,2,0,0,0,0,0,0,0.872,29,205,0.286,Exceeds Expectations
7618,"Burton, Dan",1101405,15014,110,2007-08,IN,5,0,0,0,0,0,0,58,0,0,0,0,0,0,0,0,0,0.727,37,205,0.974,Meets Expectations
7619,"Butterfield, G.",1103301,20340,110,2007-08,NC,1,1,0,0,0,0,0,10,1,1,1,0,6,6,6,6,5,1.073,108,242,0.668,Exceeds Expectations
7620,"Buyer, Steve",1101404,29350,110,2007-08,IN,4,0,0,0,0,0,0,15,3,0,0,0,0,0,0,0,0,0.449,73,205,0.630,Meets Expectations
7621,"Calvert, Ken",1100544,29323,110,2007-08,CA,44,0,0,0,0,0,0,11,1,3,3,0,1,1,1,1,1,0.890,28,205,0.630,Meets Expectations
7622,"Camp, Dave",1102204,29124,110,2007-08,MI,4,0,0,0,0,0,0,10,0,0,0,0,0,0,0,0,0,0.125,165,205,0.699,Below Expectations
7623,"Campbell, John",1100548,20539,110,2007-08,CA,48,0,0,0,0,0,0,12,1,1,0,0,0,0,0,0,0,0.319,96,205,0.217,Meets Expectations
7624,"Cannon, Chris",1104403,29766,110,2007-08,UT,3,0,0,0,0,0,0,16,1,2,2,1,1,0,0,0,0,0.995,22,205,0.492,Exceeds Expectations
7625,"Cantor, Eric",1104607,20144,110,2007-08,VA,7,0,0,0,0,0,0,7,0,0,0,0,0,0,0,0,0,0.088,178,205,0.355,Below Expectations
7626,"Capito, Shelley",1104802,20146,110,2007-08,WV,2,0,0,0,0,0,0,16,0,1,1,0,0,0,0,0,0,0.380,79,205,0.355,Meets Expectations
7627,"Capps, Lois",1100523,29774,110,2007-08,CA,23,1,0,0,0,0,0,21,7,7,7,0,0,0,0,0,0,2.131,44,242,0.875,Exceeds Expectations
7628,"Capuano, Michael",1102108,29919,110,2007-08,MA,8,1,1,1,1,1,1,12,1,1,1,0,0,0,0,0,0,1.667,60,242,0.875,Exceeds Expectations
7629,"Cardoza, Dennis",1100518,20306,110,2007-08,CA,18,1,0,0,0,0,0,15,2,1,1,1,0,0,0,0,0,0.887,123,242,1.171,Meets Expectations
7630,"Carnahan, Russ",1102503,20516,110,2007-08,MO,3,1,0,0,0,0,0,7,0,1,1,1,2,2,2,2,2,0.863,126,242,0.668,Meets Expectations
7631,"Carney, Christopher",1103810,20746,110,2007-08,PA,10,1,0,0,0,0,0,18,3,3,3,1,2,2,2,2,1,1.552,66,242,1.034,Exceeds Expectations
7632,"Carson, Andre",1101407.2,20757,110,2007-08,IN,7,1,0,0,0,0,0,2,0,0,0,0,0,0,0,0,0,0.025,240,242,,Meets Expectations
7633,"Carson, Julia",1101407.1,29720,110,2007-08,IN,7,1,0,0,0,0,0,5,1,1,0,0,1,0,0,0,0,0.234,218,242,0.943,Below Expectations
7634,"Carter, John",1104331,20356,110,2007-08,TX,31,0,0,0,0,0,0,11,1,0,0,0,1,1,1,1,1,0.350,87,205,0.286,Meets Expectations
7635,"Castle, Michael",1100801,29327,110,2007-08,DE,1,0,0,0,0,0,0,26,2,3,2,1,0,0,0,0,0,1.287,14,205,0.630,Exceeds Expectations
7636,"Castor, Kathy",1100911,20708,110,2007-08,FL,11,1,0,0,0,0,0,6,0,0,0,0,0,0,0,0,0,0.075,234,242,0.600,Below Expectations
7637,"Cazayoux, Donald",1101806.2,20760,110,2007-08,LA,6,1,0,0,0,0,0,10,1,3,3,0,0,0,0,0,0,0.752,138,242,,Meets Expectations
7638,"Chabot, Steve",1103501,29550,110,2007-08,OH,1,0,0,0,0,0,0,22,2,4,3,2,1,0,0,0,0,1.764,3,205,0.561,Exceeds Expectations
7639,"Chandler, Ben",1101706,20326,110,2007-08,KY,6,1,0,0,0,0,0,5,1,1,1,0,1,1,1,1,0,0.385,190,242,0.668,Meets Expectations
7640,"Childers, Travis",1102401.2,20761,110,2007-08,MS,1,1,0,0,0,0,0,3,0,0,0,0,0,0,0,0,0,0.038,239,242,,Meets Expectations
7641,"Christensen, Donna",110.2,,110,2007-08,VI,1,,0,0,0,0,0,17,5,6,6,1,0,0,0,0,0,2.073,.,.,0.926,Exceeds Expectations
7642,"Clarke, Yvette",1103211,20733,110,2007-08,NY,11,1,0,0,0,0,0,8,1,1,1,0,0,0,0,0,0,0.367,196,242,0.600,Meets Expectations
7643,"Clay, Wm.",1102501,20147,110,2007-08,MO,1,1,1,1,1,1,0,31,3,4,4,0,0,0,0,0,0,1.928,50,242,1.240,Exceeds Expectations
7644,"Cleaver, Emanuel",1102505,20517,110,2007-08,MO,5,1,0,0,0,0,0,33,0,0,0,0,3,2,2,2,1,0.597,161,242,0.668,Meets Expectations
7645,"Clyburn, James",1104006,39301,110,2007-08,SC,6,1,0,0,0,0,0,4,1,1,0,1,0,0,0,0,0,0.564,164,242,1.081,Meets Expectations
7646,"Coble, Howard",1103306,15092,110,2007-08,NC,6,0,0,0,0,0,0,49,0,0,0,0,0,0,0,0,0,0.614,47,205,0.905,Meets Expectations
7647,"Cohen, Steve",1104209,20748,110,2007-08,TN,9,1,0,0,0,0,0,14,0,1,1,0,2,2,2,2,2,0.605,157,242,0.600,Meets Expectations
7648,"Cole, Tom",1103604,20344,110,2007-08,OK,4,0,0,0,0,0,0,4,1,1,1,0,0,0,0,0,0,0.317,100,205,0.286,Meets Expectations
7649,"Conaway, K.",1104311,20531,110,2007-08,TX,11,0,0,0,0,0,0,6,0,0,0,0,3,2,2,2,2,0.328,93,205,0.217,Exceeds Expectations
7650,"Conyers, John",1102214,10713,110,2007-08,MI,14,1,4,3,4,3,1,35,14,13,8,5,1,0,0,0,0,7.790,5,242,5.638,Meets Expectations
7651,"Cooper, Jim",1104205,15019,110,2007-08,TN,5,1,0,0,0,0,0,10,2,1,1,1,0,0,0,0,0,0.824,132,242,0.737,Meets Expectations
7652,"Costa, Jim",1100520,20501,110,2007-08,CA,20,1,0,0,0,0,0,17,4,3,1,0,0,0,0,0,0,0.905,120,242,1.102,Meets Expectations
7653,"Costello, Jerry",1101312,15453,110,2007-08,IL,12,1,0,0,0,0,0,5,2,1,1,0,1,1,1,1,1,0.541,168,242,1.653,Below Expectations
7654,"Courtney, Joe",1100702,20706,110,2007-08,CT,2,1,0,0,0,0,0,23,2,1,1,0,1,1,1,1,1,0.767,137,242,0.600,Meets Expectations
7655,"Cramer, Robert",1100105,29100,110,2007-08,AL,5,1,0,0,0,0,0,3,1,0,0,0,0,0,0,0,0,0.125,228,242,1.150,Below Expectations
7656,"Crenshaw, Ander",1100904,20111,110,2007-08,FL,4,0,0,0,0,0,0,1,0,0,0,0,0,0,0,0,0,0.013,202,205,0.355,Below Expectations
7657,"Crowley, Joseph",1103207,29925,110,2007-08,NY,7,1,0,0,0,0,0,16,0,0,0,0,2,0,1,1,1,0.311,207,242,0.875,Below Expectations
7658,"Cubin, Barbara",1105001,29584,110,2007-08,WY,1,0,0,0,0,0,0,12,1,1,1,0,2,1,1,1,1,0.545,57,205,0.561,Meets Expectations
7659,"Cuellar, Henry",1104328,20533,110,2007-08,TX,28,1,0,0,0,0,0,13,2,1,1,0,1,0,1,1,1,0.624,156,242,1.102,Meets Expectations
7660,"Culberson, John",1104307,20139,110,2007-08,TX,7,0,0,0,0,0,0,11,0,0,0,0,0,0,0,0,0,0.138,157,205,0.355,Below Expectations
7661,"Cummings, Elijah",1102007,29587,110,2007-08,MD,7,1,0,0,0,0,0,15,3,3,3,0,0,0,0,0,0,0.989,112,242,1.377,Meets Expectations
7662,"Davis, Geoff",1101704,20511,110,2007-08,KY,4,0,0,0,0,0,0,9,0,1,1,0,1,0,1,1,1,0.400,77,205,0.217,Exceeds Expectations
7663,"Davis, Danny",1101307,29717,110,2007-08,IL,7,1,0,0,0,0,0,19,7,6,5,3,0,0,0,0,0,2.864,31,242,1.377,Exceeds Expectations
7664,"Davis, Tom",1104611,29576,110,2007-08,VA,11,0,0,0,0,0,0,12,4,4,1,1,2,1,1,1,1,1.397,11,205,0.561,Exceeds Expectations
7665,"Davis, Artur",1100107,20302,110,2007-08,AL,7,1,0,0,0,0,0,17,4,0,0,0,0,0,0,0,0,0.561,166,242,0.737,Meets Expectations
7666,"Davis, Jo",1104601.1,20141,110,2007-08,VA,1,0,0,0,0,0,0,24,2,0,0,0,0,0,0,0,0,0.475,68,205,0.355,Meets Expectations
7667,"Davis, Lincoln",1104204,20350,110,2007-08,TN,4,1,0,0,0,0,0,8,0,0,0,0,0,0,0,0,0,0.100,231,242,0.737,Below Expectations
7668,"Davis, Susan",1100553,20108,110,2007-08,CA,53,1,0,0,0,0,0,22,3,3,2,1,1,0,0,0,0,1.326,85,242,0.806,Exceeds Expectations
7669,"Davis, David",1104201,20747,110,2007-08,TN,1,0,0,0,0,0,0,16,0,0,0,0,0,0,0,0,0,0.201,138,205,0.148,Meets Expectations
7670,"DeFazio, Peter",1103704,15410,110,2007-08,OR,4,1,0,0,0,0,0,30,8,7,5,3,1,0,1,1,0,3.209,23,242,1.721,Exceeds Expectations
7671,"DeGette, Diana",1100601,29710,110,2007-08,CO,1,1,1,0,1,1,0,23,1,2,1,1,1,0,0,0,0,1.370,78,242,0.943,Meets Expectations
7672,"DeLauro, Rosa",1100703,29109,110,2007-08,CT,3,1,2,2,2,2,0,33,2,2,1,0,1,0,1,1,1,2.075,45,242,1.584,Meets Expectations
7673,"Deal, Nathan",1101009,99342,110,2007-08,GA,9,0,0,0,0,0,0,10,0,0,0,0,3,2,3,3,3,0.483,67,205,0.630,Meets Expectations
7674,"Delahunt, William",1102110,29731,110,2007-08,MA,10,1,0,0,0,0,0,19,3,3,3,1,0,0,0,0,0,1.384,76,242,1.377,Meets Expectations
7675,"Dent, Charles",1103815,20526,110,2007-08,PA,15,0,0,0,0,0,0,11,1,1,1,0,0,0,0,0,0,0.405,76,205,0.217,Exceeds Expectations
7676,"Diaz-Balart, Lincoln",1100921,29336,110,2007-08,FL,21,0,0,0,0,0,0,1,0,0,0,0,2,0,0,0,0,0.018,199,205,0.630,Below Expectations
7677,"Diaz-Balart, Mario",1100925,20316,110,2007-08,FL,25,0,0,0,0,0,0,6,0,0,0,0,0,0,0,0,0,0.075,181,205,0.286,Below Expectations
7678,"Dicks, Norman",1104706,14413,110,2007-08,WA,6,1,1,1,1,1,0,4,0,0,0,0,2,1,1,1,1,0.736,139,242,2.065,Below Expectations
7679,"Dingell, John",1102215,2605,110,2007-08,MI,15,1,5,2,5,5,1,23,7,6,4,2,0,0,0,0,0,5.434,6,242,5.982,Meets Expectations
7680,"Doggett, Lloyd",1104325,29571,110,2007-08,TX,25,1,0,0,0,0,0,19,2,2,2,0,1,0,1,1,1,0.879,124,242,1.012,Meets Expectations
7681,"Donnelly, Joe",1101402,20717,110,2007-08,IN,2,1,0,0,0,0,0,11,2,1,1,0,0,0,0,0,0,0.492,176,242,0.600,Meets Expectations
7682,"Doolittle, John",1100504,29104,110,2007-08,CA,4,0,0,0,0,0,0,11,0,1,1,0,0,0,0,0,0,0.318,99,205,0.699,Below Expectations
7683,"Doyle, Michael",1103814,29561,110,2007-08,PA,14,1,0,0,0,0,0,11,3,2,1,1,0,0,0,0,0,1.006,111,242,1.012,Meets Expectations
7684,"Drake, Thelma",1104602,20534,110,2007-08,VA,2,0,0,0,0,0,0,14,0,0,0,0,0,0,0,0,0,0.175,145,205,0.217,Meets Expectations
7685,"Dreier, David",1100526,14813,110,2007-08,CA,26,0,0,0,0,0,0,7,1,2,2,0,0,0,0,0,0,0.535,58,205,1.042,Meets Expectations
7686,"Duncan, John",1104202,15455,110,2007-08,TN,2,0,0,0,0,0,0,9,1,0,0,0,1,0,0,0,0,0.202,136,205,0.767,Below Expectations
7687,"Edwards, Chet",1104317,29144,110,2007-08,TX,17,1,2,2,2,2,2,4,0,1,1,0,2,2,2,2,2,2.979,28,242,1.584,Exceeds Expectations
7688,"Edwards, Donna",1102004.2,20763,110,2007-08,MD,4,1,0,0,0,0,0,0,0,0,0,0,0,0,0,0,0,0.000,242,242,,Meets Expectations
7689,"Ehlers, Vernon",1102203,29362,110,2007-08,MI,3,0,0,0,0,0,0,15,1,1,1,1,1,1,1,1,1,0.925,25,205,0.630,Meets Expectations
7690,"Ellison, Keith",1102305,20727,110,2007-08,MN,5,1,0,0,0,0,0,28,2,1,1,0,0,0,0,0,0,0.705,145,242,0.600,Meets Expectations
7691,"Ellsworth, Brad",1101408,20718,110,2007-08,IN,8,1,0,0,0,0,0,12,4,4,3,0,2,0,1,1,0,1.161,102,242,0.600,Exceeds Expectations
7692,"Emanuel, Rahm",1101305,20323,110,2007-08,IL,5,1,0,0,0,0,0,18,2,2,1,0,0,0,0,0,0,0.661,151,242,0.737,Meets Expectations
7693,"Emerson, Jo",1102508,29736,110,2007-08,MO,8,0,0,0,0,0,0,7,2,1,1,0,1,1,1,1,1,0.567,54,205,0.492,Meets Expectations
7694,"Engel, Eliot",1103217,15603,110,2007-08,NY,17,1,0,0,0,0,0,24,6,5,5,1,2,1,2,2,1,2.231,42,242,1.653,Meets Expectations
7695,"English, Phil",1103803,29563,110,2007-08,PA,3,0,0,0,0,0,0,52,1,0,0,0,1,0,1,1,1,0.846,30,205,0.561,Exceeds Expectations
7696,"Eshoo, Anna",1100514,29312,110,2007-08,CA,14,1,1,0,0,0,0,15,0,1,1,0,0,0,0,0,0,0.393,187,242,1.081,Below Expectations
7697,"Etheridge, Bob",1103302,29745,110,2007-08,NC,2,1,0,0,0,0,0,16,1,1,1,1,0,0,0,0,0,0.813,133,242,1.377,Meets Expectations
7698,"Everett, Terry",1100102,29300,110,2007-08,AL,2,0,0,0,0,0,0,3,0,0,0,0,0,0,0,0,0,0.038,195,205,0.630,Below Expectations
7699,"Faleomavaega, Eni",110.3,,110,2007-08,AS,1,,0,0,0,0,0,17,3,2,2,0,2,0,0,0,0,0.839,.,.,1.201,Meets Expectations
7700,"Fallin, Mary",1103605,20742,110,2007-08,OK,5,0,0,0,0,0,0,5,2,2,2,0,0,0,0,0,0,0.596,49,205,0.148,Exceeds Expectations
7701,"Farr, Sam",1100517,29313,110,2007-08,CA,17,1,0,0,0,0,0,13,5,2,1,0,0,0,0,0,0,0.860,127,242,1.081,Meets Expectations
7702,"Fattah, Chaka",1103802,29559,110,2007-08,PA,2,1,0,0,0,0,0,9,0,0,0,0,0,0,0,0,0,0.113,230,242,1.012,Below Expectations
7703,"Feeney, Tom",1100924,20315,110,2007-08,FL,24,0,0,0,0,0,0,10,0,0,0,0,3,0,0,0,0,0.133,161,205,0.286,Below Expectations
7704,"Ferguson, Mike",1103007,20127,110,2007-08,NJ,7,0,0,0,0,0,0,20,0,0,0,0,0,0,0,0,0,0.251,118,205,0.355,Meets Expectations
7705,"Filner, Bob",1100551,29325,110,2007-08,CA,51,1,0,0,0,0,0,48,14,10,6,0,4,1,1,1,0,3.290,22,242,4.676,Meets Expectations
7706,"Flake, Jeff",1100306,20100,110,2007-08,AZ,6,0,0,0,0,0,0,16,0,0,0,0,0,0,0,0,0,0.201,137,205,0.355,Meets Expectations
7707,"Forbes, J.",1104604,20143,110,2007-08,VA,4,0,0,0,0,0,0,13,0,0,0,0,1,0,0,0,0,0.165,146,205,0.355,Below Expectations
7708,"Fortenberry, Jeff",1102701,20518,110,2007-08,NE,1,0,0,0,0,0,0,19,1,1,1,0,0,0,0,0,0,0.505,64,205,0.217,Exceeds Expectations
7709,"Fortuno, Luis",110.4,,110,2007-08,PR,1,,0,0,0,0,0,20,2,1,1,0,3,1,3,3,3,0.945,.,.,0.217,Exceeds Expectations
7710,"Fossella, Vito",1103213,29773,110,2007-08,NY,13,0,0,0,0,0,0,18,0,0,0,0,0,0,0,0,0,0.226,128,205,0.492,Below Expectations
7711,"Foster, Bill",1101314.2,20749,110,2007-08,IL,14,1,0,0,0,0,0,6,0,0,0,0,0,0,0,0,0,0.075,235,242,,Meets Expectations
7712,"Foxx, Virginia",1103305,20521,110,2007-08,NC,5,0,0,0,0,0,0,8,1,1,1,1,0,0,0,0,0,0.712,38,205,0.217,Exceeds Expectations
7713,"Frank, Barney",1102104,14824,110,2007-08,MA,4,1,5,3,4,4,0,43,11,12,8,0,1,0,0,0,0,5.351,7,242,5.088,Meets Expectations
7714,"Franks, Trent",1100302,20304,110,2007-08,AZ,2,0,0,0,0,0,0,4,0,0,0,0,0,0,0,0,0,0.050,191,205,0.286,Below Expectations
7715,"Frelinghuysen, Rodney",1103011,29541,110,2007-08,NJ,11,0,0,0,0,0,0,9,0,0,0,0,0,0,0,0,0,0.113,170,205,0.561,Below Expectations
7716,"Gallegly, Elton",1100524,15413,110,2007-08,CA,24,0,0,0,0,0,0,21,2,2,2,1,0,0,0,0,0,1.142,16,205,0.836,Meets Expectations
7717,"Garrett, Scott",1103005,20336,110,2007-08,NJ,5,0,1,1,1,1,0,26,0,1,1,0,0,0,0,0,0,1.065,19,205,0.286,Exceeds Expectations
7718,"Gerlach, Jim",1103806,20345,110,2007-08,PA,6,0,0,0,0,0,0,6,0,0,0,0,0,0,0,0,0,0.075,182,205,0.286,Below Expectations
7719,"Giffords, Gabrielle",1100308,20701,110,2007-08,AZ,8,1,0,0,0,0,0,17,5,4,2,0,0,0,0,0,0,1.172,101,242,0.600,Exceeds Expectations
7720,"Gilchrest, Wayne",1102001,29122,110,2007-08,MD,1,0,0,0,0,0,0,4,1,0,0,0,0,0,0,0,0,0.137,160,205,0.699,Below Expectations
7721,"Gillibrand, Kirsten",1103220,20735,110,2007-08,NY,20,1,0,0,0,0,0,9,0,1,1,0,0,0,0,0,0,0.293,212,242,0.600,Below Expectations
7722,"Gillmor, Paul",1103505.1,15604,110,2007-08,OH,5,0,0,0,0,0,0,8,1,1,1,0,1,0,0,0,0,0.370,83,205,0.767,Below Expectations
7723,"Gingrey, Phil",1101011,20319,110,2007-08,GA,11,0,0,0,0,0,0,13,1,1,1,0,1,1,1,1,1,0.555,55,205,0.286,Exceeds Expectations
7724,"Gohmert, Louie",1104301,20527,110,2007-08,TX,1,0,0,0,0,0,0,23,0,1,1,0,2,0,0,0,0,0.473,69,205,0.217,Exceeds Expectations
7725,"Gonzalez, Charles",1104320,29943,110,2007-08,TX,20,1,0,0,0,0,0,13,0,0,0,0,1,0,0,0,0,0.165,225,242,1.309,Below Expectations
7726,"Goode, Virgil",1104605,89767,110,2007-08,VA,5,0,0,0,0,0,0,11,0,0,0,0,1,1,1,1,1,0.263,114,205,0.492,Meets Expectations
7727,"Goodlatte, Bob",1104606,39308,110,2007-08,VA,6,0,0,0,0,0,0,7,2,1,1,0,0,0,0,0,0,0.442,74,205,0.630,Meets Expectations
7728,"Gordon, Bart",1104206,15100,110,2007-08,TN,6,1,1,1,1,1,0,22,10,10,8,3,0,0,0,0,0,4.343,14,242,4.951,Meets Expectations
7729,"Granger, Kay",1104312,29762,110,2007-08,TX,12,0,0,0,0,0,0,5,0,0,0,0,1,1,1,1,1,0.188,143,205,0.492,Below Expectations
7730,"Graves, Sam",1102506,20124,110,2007-08,MO,6,0,0,0,0,0,0,20,0,0,0,0,0,0,0,0,0,0.251,117,205,0.355,Meets Expectations
7731,"Green, Al",1104309,20529,110,2007-08,TX,9,1,0,0,0,0,0,10,2,2,1,0,1,0,1,1,0,0.600,160,242,0.668,Meets Expectations
7732,"Green, Gene",1104329,39304,110,2007-08,TX,29,1,0,0,0,0,0,43,4,4,4,3,3,1,1,1,1,2.772,32,242,1.081,Exceeds Expectations
7733,"Grijalva, Raul",1100307,20305,110,2007-08,AZ,7,1,0,0,0,0,0,30,12,7,6,1,1,0,0,0,0,2.929,30,242,1.171,Exceeds Expectations
7734,"Gutierrez, Luis",1101304,29348,110,2007-08,IL,4,1,0,0,0,0,0,9,2,3,3,2,6,0,0,0,0,1.532,68,242,1.515,Meets Expectations
7735,"Hall, Ralph",1104304,94828,110,2007-08,TX,4,0,0,0,0,0,0,7,2,2,1,0,1,0,0,0,0,0.526,60,205,1.042,Meets Expectations
7736,"Hall, John",1103219,20734,110,2007-08,NY,19,1,0,0,0,0,0,18,6,4,3,1,2,1,1,1,1,1.842,52,242,1.034,Exceeds Expectations
7737,"Hare, Phil",1101317,20716,110,2007-08,IL,17,1,0,0,0,0,0,10,2,2,2,1,1,0,1,1,1,1.112,106,242,0.600,Exceeds Expectations
7738,"Harman, Jane",1100536,29318,110,2007-08,CA,36,1,0,0,0,0,0,10,3,3,3,0,0,0,0,0,0,0.926,118,242,1.240,Meets Expectations
7739,"Hastert, J.",1101314.1,15417,110,2007-08,IL,14,0,0,0,0,0,0,0,0,0,0,0,0,0,0,0,0,0.000,205,205,0.836,Below Expectations
7740,"Hastings, Doc",1104704,29580,110,2007-08,WA,4,0,0,0,0,0,0,8,3,4,4,0,1,0,1,1,1,1.188,15,205,0.561,Exceeds Expectations
7741,"Hastings, Alcee",1100923,29337,110,2007-08,FL,23,1,0,0,0,0,0,17,2,1,1,0,0,0,0,0,0,0.567,163,242,1.515,Below Expectations
7742,"Hayes, Robin",1103308,29929,110,2007-08,NC,8,0,0,0,0,0,0,19,1,0,0,0,0,0,0,0,0,0.325,94,205,0.424,Meets Expectations
7743,"Heller, Dean",1102802,20730,110,2007-08,NV,2,0,0,0,0,0,0,10,4,3,3,0,0,0,0,0,0,1.013,20,205,0.148,Exceeds Expectations
7744,"Hensarling, Jeb",1104305,20352,110,2007-08,TX,5,0,0,0,0,0,0,13,0,0,0,0,0,0,0,0,0,0.163,148,205,0.286,Meets Expectations
7745,"Herger, Wally",1100502,15420,110,2007-08,CA,2,0,0,0,0,0,0,17,2,1,1,1,0,0,0,0,0,0.912,26,205,0.836,Meets Expectations
7746,"Herseth, Stephanie",1104101.8,20349,110,2007-08,SD,1,1,0,0,0,0,0,12,7,3,2,0,0,0,0,0,0,1.201,97,242,0.668,Exceeds Expectations
7747,"Herseth Sandlin, Stephanie",1104101.9,20349,110,2007-08,SD,1,1,0,0,0,0,0,22,4,2,1,0,1,1,1,1,1,1.010,110,242,1.102,Meets Expectations
7748,"Higgins, Brian",1103227,20519,110,2007-08,NY,27,1,0,0,0,0,0,9,0,0,0,0,1,1,1,1,0,0.169,223,242,0.668,Below Expectations
7749,"Hill, Baron",1101409,29914,110,2007-08,IN,9,1,0,0,0,0,0,21,0,1,1,0,1,1,1,1,1,0.568,162,242,0.600,Meets Expectations
7750,"Hinchey, Maurice",1103222,29380,110,2007-08,NY,22,1,0,0,0,0,0,19,2,2,2,0,0,0,0,0,0,0.772,136,242,1.081,Meets Expectations
7751,"Hinojosa, Ruben",1104315,29763,110,2007-08,TX,15,1,0,0,0,0,0,14,2,3,3,0,1,0,0,0,0,0.892,121,242,1.377,Meets Expectations
7752,"Hirono, Mazie",1101102,20713,110,2007-08,HI,2,1,0,0,0,0,0,11,1,2,1,0,0,0,0,0,0,0.487,177,242,0.600,Meets Expectations
7753,"Hobson, David",1103507,29136,110,2007-08,OH,7,0,0,0,0,0,0,2,0,0,0,0,2,0,0,0,0,0.030,196,205,0.699,Below Expectations
7754,"Hodes, Paul",1102902,20732,110,2007-08,NH,2,1,0,0,0,0,0,14,3,3,3,1,0,0,0,0,0,1.321,87,242,0.600,Exceeds Expectations
7755,"Hoekstra, Peter",1102202,29361,110,2007-08,MI,2,0,0,0,0,0,0,17,0,0,0,0,0,0,0,0,0,0.213,132,205,0.630,Below Expectations
7756,"Holden, Tim",1103817,29396,110,2007-08,PA,17,1,0,0,0,0,0,11,2,0,0,0,2,0,0,0,0,0.317,206,242,1.515,Below Expectations
7757,"Holt, Rush",1103012,29923,110,2007-08,NJ,12,1,0,0,0,0,0,48,3,4,2,0,1,0,0,0,0,1.389,75,242,0.875,Exceeds Expectations
7758,"Honda, Michael",1100515,20103,110,2007-08,CA,15,1,0,0,0,0,0,13,0,0,0,0,1,0,1,1,1,0.270,216,242,0.806,Below Expectations
7759,"Hooley, Darlene",1103705,29750,110,2007-08,OR,5,1,0,0,0,0,0,23,4,2,1,0,5,0,2,2,0,0.982,113,242,0.943,Meets Expectations
7760,"Hoyer, Steny",1102005,14873,110,2007-08,MD,5,1,3,2,3,2,1,6,0,0,0,0,0,0,0,0,0,2.072,46,242,1.494,Meets Expectations
7761,"Hulshof, Kenny",1102509,29737,110,2007-08,MO,9,0,0,0,0,0,0,25,0,0,0,0,0,0,0,0,0,0.313,101,205,0.492,Meets Expectations
7762,"Hunter, Duncan",1100552,14835,110,2007-08,CA,52,0,0,0,0,0,0,10,0,1,1,0,2,0,0,0,0,0.310,103,205,1.042,Below Expectations
7763,"Inglis, Bob",1104004,39300,110,2007-08,SC,4,0,0,0,0,0,0,22,0,0,0,0,0,0,0,0,0,0.276,112,205,0.217,Meets Expectations
7764,"Inslee, Jay",1104701,29937,110,2007-08,WA,1,1,0,0,0,0,0,33,0,2,2,1,1,0,0,0,0,1.121,105,242,0.875,Meets Expectations
7765,"Israel, Steve",1103202,20129,110,2007-08,NY,2,1,0,0,0,0,0,28,1,0,0,0,0,0,0,0,0,0.438,183,242,0.806,Meets Expectations
7766,"Issa, Darrell",1100549,20107,110,2007-08,CA,49,0,0,0,0,0,0,17,2,5,5,1,2,1,1,1,1,1.759,4,205,0.355,Exceeds Expectations
7767,"Jackson, Jesse",1101302,29585,110,2007-08,IL,2,1,0,0,0,0,0,6,1,1,1,0,1,1,1,1,1,0.467,180,242,1.012,Below Expectations
7768,"Jackson-Lee, Sheila",1104318,29573,110,2007-08,TX,18,1,0,0,0,0,0,40,4,3,2,0,1,0,0,0,0,1.293,90,242,1.446,Meets Expectations
7769,"Jefferson, William",1101802,29120,110,2007-08,LA,2,1,0,0,0,0,0,30,1,1,1,0,3,2,2,2,1,0.826,131,242,1.150,Meets Expectations
7770,"Jindal, Bobby",1101801.1,20512,110,2007-08,LA,1,0,0,0,0,0,0,12,1,1,0,0,0,0,0,0,0,0.319,95,205,0.217,Meets Expectations
7771,"Johnson, Henry",1101004,20712,110,2007-08,GA,4,1,0,0,0,0,0,7,3,1,1,0,1,1,1,1,1,0.653,152,242,0.600,Meets Expectations
7772,"Johnson, Timothy",1101315,20116,110,2007-08,IL,15,0,0,0,0,0,0,7,0,0,0,0,1,0,0,0,0,0.090,177,205,0.355,Below Expectations
7773,"Johnson, Sam",1104303,29143,110,2007-08,TX,3,0,0,0,0,0,0,7,0,0,0,0,0,0,0,0,0,0.088,179,205,0.699,Below Expectations
7774,"Johnson, Eddie",1104330,39305,110,2007-08,TX,30,1,0,0,0,0,0,30,1,1,1,0,3,0,0,0,0,0.650,153,242,1.515,Below Expectations
7775,"Jones, Stephanie",1103511,29930,110,2007-08,OH,11,1,0,0,0,0,0,10,0,1,1,0,0,0,0,0,0,0.305,209,242,4.470,Below Expectations
7776,"Jones, Walter",1103303,29546,110,2007-08,NC,3,0,0,0,0,0,0,26,2,1,1,0,1,0,0,0,0,0.682,42,205,0.561,Meets Expectations
7777,"Jordan, Jim",1103504,20738,110,2007-08,OH,4,0,0,0,0,0,0,5,0,0,0,0,0,0,0,0,0,0.063,186,205,0.148,Below Expectations
7778,"Kagen, Steve",1104908,20751,110,2007-08,WI,8,1,0,0,0,0,0,17,0,1,1,0,1,0,1,1,1,0.501,174,242,0.600,Meets Expectations
7779,"Kanjorski, Paul",1103811,15104,110,2007-08,PA,11,1,1,1,1,0,0,17,3,2,2,0,1,0,0,0,0,1.199,98,242,1.790,Meets Expectations
7780,"Kaptur, Marcy",1103509,15029,110,2007-08,OH,9,1,0,0,0,0,0,18,0,0,0,0,2,1,1,1,1,0.353,197,242,1.425,Below Expectations
7781,"Keller, Ric",1100908,20112,110,2007-08,FL,8,0,0,0,0,0,0,9,1,1,1,0,0,0,0,0,0,0.380,80,205,0.355,Meets Expectations
7782,"Kennedy, Patrick",1103901,29564,110,2007-08,RI,1,1,2,1,2,2,1,20,0,1,1,0,1,0,0,0,0,2.067,47,242,1.012,Exceeds Expectations
7783,"Kildee, Dale",1102205,14430,110,2007-08,MI,5,1,2,2,2,2,1,8,2,5,5,4,1,1,1,1,1,4.488,10,242,2.065,Exceeds Expectations
7784,"Kilpatrick, Carolyn",1102213,29733,110,2007-08,MI,13,1,0,0,0,0,0,6,0,0,0,0,0,0,0,0,0,0.075,236,242,0.943,Below Expectations
7785,"Kind, Ron",1104903,29769,110,2007-08,WI,3,1,1,0,0,0,0,27,1,3,3,1,0,0,0,0,0,1.336,83,242,0.943,Meets Expectations
7786,"King, Peter",1103203,29375,110,2007-08,NY,3,0,0,0,0,0,0,31,2,3,3,0,3,0,0,0,0,1.110,18,205,0.630,Exceeds Expectations
7787,"King, Steve",1101505,20325,110,2007-08,IA,5,0,0,0,0,0,0,14,0,0,0,0,0,0,0,0,0,0.175,144,205,0.286,Meets Expectations
7788,"Kingston, Jack",1101001,29338,110,2007-08,GA,1,0,0,0,0,0,0,1,0,0,0,0,2,1,2,2,2,0.245,123,205,0.630,Below Expectations
7789,"Kirk, Mark",1101310,20115,110,2007-08,IL,10,0,0,0,0,0,0,34,1,1,1,0,1,0,0,0,0,0.696,41,205,0.355,Exceeds Expectations
7790,"Klein, Ron",1100922,20711,110,2007-08,FL,22,1,0,0,0,0,0,6,2,2,2,0,1,1,1,1,1,0.734,140,242,0.600,Meets Expectations
7791,"Kline, John",1102302,20333,110,2007-08,MN,2,0,0,0,0,0,0,8,0,0,0,0,1,0,0,0,0,0.103,171,205,0.286,Below Expectations
7792,"Knollenberg, Joe",1102209,29365,110,2007-08,MI,9,0,0,0,0,0,0,11,0,0,0,0,0,0,0,0,0,0.138,158,205,0.630,Below Expectations
7793,"Kucinich, Dennis",1103510,29748,110,2007-08,OH,10,1,0,0,0,0,0,17,0,1,1,0,2,1,1,1,1,0.520,171,242,1.377,Below Expectations
7794,"Kuhl, John",1103229,20520,110,2007-08,NY,29,0,0,0,0,0,0,12,0,0,0,0,0,0,0,0,0,0.150,154,205,0.217,Meets Expectations
7795,"LaHood, Ray",1101318,29517,110,2007-08,IL,18,0,0,0,0,0,0,11,1,0,0,0,0,0,0,0,0,0.225,129,205,0.561,Below Expectations
7796,"LaTourette, Steven",1103514,29553,110,2007-08,OH,14,0,0,0,0,0,0,8,2,2,1,1,3,1,1,1,1,1.011,21,205,0.561,Exceeds Expectations
7797,"Lamborn, Doug",1100605,20704,110,2007-08,CO,5,0,0,0,0,0,0,14,3,2,2,0,0,0,0,0,0,0.796,34,205,0.148,Exceeds Expectations
7798,"Lampson, Nick",1104322,29761,110,2007-08,TX,22,1,0,0,0,0,0,36,2,5,3,1,0,0,0,0,0,1.674,58,242,1.034,Exceeds Expectations
7799,"Langevin, James",1103902,20136,110,2007-08,RI,2,1,0,0,0,0,0,22,2,2,2,0,0,0,0,0,0,0.810,134,242,1.240,Meets Expectations
7800,"Lantos, Tom",1100512.1,14837,110,2007-08,CA,12,1,1,1,1,1,0,15,10,11,8,3,4,0,0,0,0,4.347,12,242,5.088,Meets Expectations
7801,"Larsen, Rick",1104702,20145,110,2007-08,WA,2,1,0,0,0,0,0,8,1,2,2,0,0,0,0,0,0,0.547,167,242,0.806,Meets Expectations
7802,"Larson, John",1100701,29908,110,2007-08,CT,1,1,0,0,0,0,0,20,1,1,1,0,0,0,0,0,0,0.518,172,242,0.875,Meets Expectations
7803,"Latham, Tom",1101504,29522,110,2007-08,IA,4,0,0,0,0,0,0,8,1,0,0,0,1,1,1,1,1,0.312,102,205,0.561,Meets Expectations
7804,"Latta, Robert",1103505.2,20755,110,2007-08,OH,5,0,0,0,0,0,0,2,0,0,0,0,0,0,0,0,0,0.025,198,205,,Meets Expectations
7805,"Lee, Barbara",1100509,29778,110,2007-08,CA,9,1,0,0,0,0,0,33,3,3,3,0,1,0,0,0,0,1.217,96,242,0.875,Meets Expectations
7806,"Levin, Sander",1102212,15033,110,2007-08,MI,12,1,0,0,0,0,0,13,0,1,1,0,1,0,0,0,0,0.345,199,242,1.859,Below Expectations
7807,"Lewis, Jerry",1100541,14644,110,2007-08,CA,41,0,0,0,0,0,0,3,1,0,0,0,0,0,0,0,0,0.125,166,205,1.111,Below Expectations
7808,"Lewis, John",1101005,15431,110,2007-08,GA,5,1,0,0,0,0,0,28,1,3,3,2,0,0,0,0,0,1.668,59,242,1.721,Meets Expectations
7809,"Lewis, Ron",1101702,29352,110,2007-08,KY,2,0,0,0,0,0,0,13,0,0,0,0,0,0,0,0,0,0.163,150,205,0.561,Below Expectations
7810,"Linder, John",1101007,29341,110,2007-08,GA,7,0,0,0,0,0,0,2,1,1,0,0,0,0,0,0,0,0.194,141,205,0.630,Below Expectations
7811,"Lipinski, Daniel",1101303,20508,110,2007-08,IL,3,1,0,0,0,0,0,8,2,2,2,0,1,1,1,1,0,0.690,146,242,0.668,Meets Expectations
7812,"LoBiondo, Frank",1103002,29539,110,2007-08,NJ,2,0,0,0,0,0,0,10,1,0,0,0,0,0,0,0,0,0.212,133,205,0.561,Below Expectations
7813,"Loebsack, David",1101502,20720,110,2007-08,IA,2,1,0,0,0,0,0,9,0,0,0,0,1,1,1,1,0,0.169,224,242,0.600,Below Expectations
7814,"Lofgren, Zoe",1100516,29504,110,2007-08,CA,16,1,0,0,0,0,0,31,12,10,5,1,1,1,1,0,0,3.123,25,242,1.446,Exceeds Expectations
7815,"Lowey, Nita",1103218,15612,110,2007-08,NY,18,1,1,1,1,1,1,47,5,4,4,1,3,1,2,2,2,3.573,18,242,1.653,Exceeds Expectations
7816,"Lucas, Frank",1103603,29393,110,2007-08,OK,3,0,0,0,0,0,0,4,0,0,0,0,0,0,0,0,0,0.050,193,205,0.561,Below Expectations
7817,"Lungren, Daniel",1100503,14647,110,2007-08,CA,3,0,0,0,0,0,0,11,0,1,1,0,0,0,0,0,0,0.318,97,205,0.217,Meets Expectations
7818,"Lynch, Stephen",1102109,20119,110,2007-08,MA,9,1,0,0,0,0,0,16,1,1,1,0,4,1,1,1,1,0.600,159,242,0.806,Meets Expectations
7819,"Mack, Connie",1100914,20503,110,2007-08,FL,14,0,0,0,0,0,0,4,0,1,1,1,0,0,0,0,0,0.575,51,205,0.217,Exceeds Expectations
7820,"Mahoney, Tim",1100916,20710,110,2007-08,FL,16,1,0,0,0,0,0,13,2,4,4,2,1,1,1,1,0,1.803,53,242,0.600,Exceeds Expectations
7821,"Maloney, Carolyn",1103214,29379,110,2007-08,NY,14,1,1,1,1,1,1,68,10,9,6,1,5,1,1,1,0,4.708,9,242,1.515,Exceeds Expectations
7822,"Manzullo, Donald",1101316,29349,110,2007-08,IL,16,0,0,0,0,0,0,5,0,0,0,0,0,0,0,0,0,0.063,187,205,0.630,Below Expectations
7823,"Marchant, Kenny",1104324,20532,110,2007-08,TX,24,0,0,0,0,0,0,2,0,0,0,0,0,0,0,0,0,0.025,197,205,0.217,Below Expectations
7824,"Markey, Edward",1102107,14435,110,2007-08,MA,7,1,1,1,1,1,0,33,2,1,0,0,1,1,1,1,0,1.284,91,242,2.065,Meets Expectations
7825,"Marshall, Jim",1101008,20317,110,2007-08,GA,8,1,0,0,0,0,0,10,0,0,0,0,0,0,0,0,0,0.125,227,242,0.737,Below Expectations
7826,"Matheson, Jim",1104402,20140,110,2007-08,UT,2,1,0,0,0,0,0,21,4,5,4,0,0,0,0,0,0,1.413,72,242,0.806,Exceeds Expectations
7827,"Matsui, Doris",1100505,20538,110,2007-08,CA,5,1,0,0,0,0,0,18,1,1,1,0,0,0,0,0,0,0.492,175,242,0.668,Meets Expectations
7828,"McCarthy, Carolyn",1103204,29744,110,2007-08,NY,4,1,0,0,0,0,0,43,2,4,2,1,0,0,0,0,0,1.582,65,242,1.377,Meets Expectations
7829,"McCarthy, Kevin",1100522,20703,110,2007-08,CA,22,0,0,0,0,0,0,7,0,0,0,0,2,1,1,1,1,0.215,131,205,0.148,Meets Expectations
7830,"McCaul, Michael",1104310,20530,110,2007-08,TX,10,0,0,0,0,0,0,7,2,2,1,0,0,0,0,0,0,0.523,62,205,0.217,Exceeds Expectations
7831,"McCollum, Betty",1102304,20122,110,2007-08,MN,4,1,0,0,0,0,0,14,0,0,0,0,1,1,1,1,1,0.300,210,242,0.806,Below Expectations
7832,"McCotter, Thaddeus",1102211,20332,110,2007-08,MI,11,0,0,0,0,0,0,10,0,0,0,0,1,0,0,0,0,0.128,163,205,0.286,Below Expectations
7833,"McCrery, Jim",1101804,15451,110,2007-08,LA,4,0,0,0,0,0,0,4,0,0,0,0,0,0,0,0,0,0.050,188,205,0.767,Below Expectations
7834,"McDermott, Jim",1104707,15613,110,2007-08,WA,7,1,2,1,2,2,1,40,0,3,3,2,2,0,0,0,0,3.371,21,242,1.653,Exceeds Expectations
7835,"McGovern, James",1102103,29729,110,2007-08,MA,3,1,1,0,1,0,0,12,3,2,0,0,2,0,1,1,1,0.874,125,242,1.377,Meets Expectations
7836,"McHenry, Patrick",1103310,20522,110,2007-08,NC,10,0,0,0,0,0,0,4,0,0,0,0,0,0,0,0,0,0.050,192,205,0.217,Below Expectations
7837,"McHugh, John",1103223,39316,110,2007-08,NY,23,0,0,0,0,0,0,25,1,1,0,0,1,0,0,0,0,0.485,66,205,0.630,Meets Expectations
7838,"McIntyre, Mike",1103307,29746,110,2007-08,NC,7,1,0,0,0,0,0,7,3,2,2,0,0,0,0,0,0,0.708,144,242,1.377,Meets Expectations
7839,"McKeon, Howard",1100525,29315,110,2007-08,CA,25,0,0,0,0,0,0,15,1,1,1,0,0,0,0,0,0,0.455,72,205,0.630,Meets Expectations
7840,"McMorris Rodgers, Cathy",1104705,20535,110,2007-08,WA,5,0,0,0,0,0,0,9,1,0,0,0,0,0,0,0,0,0.200,140,205,0.217,Meets Expectations
7841,"McNerney, Jerry",1100511,20702,110,2007-08,CA,11,1,0,0,0,0,0,10,2,2,1,0,0,0,0,0,0,0.561,165,242,0.600,Meets Expectations
7842,"McNulty, Michael",1103221,15614,110,2007-08,NY,21,1,0,0,0,0,0,5,1,1,0,0,0,0,0,0,0,0.232,219,242,1.653,Below Expectations
7843,"Meehan, Martin",1102105.1,29358,110,2007-08,MA,5,1,0,0,0,0,0,9,0,1,1,0,0,0,0,0,0,0.293,213,242,1.081,Below Expectations
7844,"Meek, Kendrick",1100917,20358,110,2007-08,FL,17,1,0,0,0,0,0,21,0,1,1,0,0,0,0,0,0,0.443,182,242,0.737,Meets Expectations
7845,"Meeks, Gregory",1103206,29776,110,2007-08,NY,6,1,0,0,0,0,0,6,1,1,1,0,1,0,0,0,0,0.345,200,242,0.875,Below Expectations
7846,"Melancon, Charlie",1101803,20513,110,2007-08,LA,3,1,0,0,0,0,0,16,0,1,1,1,0,0,0,0,0,0.726,141,242,0.668,Meets Expectations
7847,"Mica, John",1100907,29331,110,2007-08,FL,7,0,0,0,0,0,0,8,0,1,1,1,0,0,0,0,0,0.625,46,205,0.630,Meets Expectations
7848,"Michaud, Michael",1101902,20328,110,2007-08,ME,2,1,0,0,0,0,0,18,6,5,5,0,0,0,0,0,0,1.647,61,242,1.171,Meets Expectations
7849,"Millender-McDonald, Juanita",1100537.1,29586,110,2007-08,CA,37,1,0,0,0,0,0,2,0,0,0,0,0,0,0,0,0,0.025,241,242,4.538,Below Expectations
7850,"Miller, Brad",1103313,20341,110,2007-08,NC,13,1,2,2,2,1,0,7,1,1,1,0,0,0,0,0,0,1.276,93,242,1.171,Meets Expectations
7851,"Miller, Candice",1102210,20331,110,2007-08,MI,10,0,0,0,0,0,0,3,0,0,0,0,1,1,1,1,1,0.163,151,205,0.286,Meets Expectations
7852,"Miller, Jeff",1100901,20110,110,2007-08,FL,1,0,0,0,0,0,0,9,2,1,1,0,4,1,2,2,1,0.635,45,205,0.355,Exceeds Expectations
7853,"Miller, George",1100507,14256,110,2007-08,CA,7,1,8,5,8,8,4,30,9,17,14,0,2,0,0,0,0,10.640,3,242,5.295,Exceeds Expectations
7854,"Miller, Gary",1100542,29905,110,2007-08,CA,42,0,0,0,0,0,0,9,1,3,3,0,0,0,0,0,0,0.740,36,205,0.424,Exceeds Expectations
7855,"Mitchell, Harry",1100305,20700,110,2007-08,AZ,5,1,0,0,0,0,0,9,1,1,1,0,0,0,0,0,0,0.380,193,242,1.034,Below Expectations
7856,"Mollohan, Alan",1104801,15083,110,2007-08,WV,1,1,2,2,2,1,1,2,0,0,0,0,0,0,0,0,0,1.637,62,242,1.859,Meets Expectations
7857,"Moore, Dennis",1101603,29915,110,2007-08,KS,3,1,0,0,0,0,0,18,5,7,7,2,1,1,1,1,0,2.666,33,242,0.875,Exceeds Expectations
7858,"Moore, Gwen",1104904,20537,110,2007-08,WI,4,1,0,0,0,0,0,12,0,1,1,0,0,0,0,0,0,0.330,202,242,0.668,Below Expectations
7859,"Moran, James",1104608,29149,110,2007-08,VA,8,1,0,0,0,0,0,16,3,2,1,0,0,0,0,0,0,0.723,142,242,1.150,Meets Expectations
7860,"Moran, Jerry",1101601,29722,110,2007-08,KS,1,0,0,0,0,0,0,13,1,2,2,0,0,0,0,0,0,0.610,48,205,0.492,Meets Expectations
7861,"Murphy, Christopher",1100705,20707,110,2007-08,CT,5,1,0,0,0,0,0,15,2,2,2,0,0,0,0,0,0,0.722,143,242,0.600,Meets Expectations
7862,"Murphy, Tim",1103818,20346,110,2007-08,PA,18,0,0,0,0,0,0,27,0,0,0,0,0,0,0,0,0,0.338,89,205,0.286,Meets Expectations
7863,"Murphy, Patrick",1103808,20745,110,2007-08,PA,8,1,0,0,0,0,0,14,1,0,0,0,2,1,1,1,1,0.390,189,242,0.600,Meets Expectations
7864,"Murtha, John",1103812,14072,110,2007-08,PA,12,1,1,1,1,1,1,2,0,0,0,0,0,0,0,0,0,1.275,95,242,2.134,Meets Expectations
7865,"Musgrave, Marilyn",1100604,20311,110,2007-08,CO,4,0,0,0,0,0,0,14,1,1,1,0,2,1,1,1,1,0.570,53,205,0.286,Exceeds Expectations
7866,"Myrick, Sue",1103309,29549,110,2007-08,NC,9,0,0,0,0,0,0,21,1,0,0,0,0,0,0,0,0,0.350,86,205,0.561,Meets Expectations
7867,"Nadler, Jerrold",1103208,29377,110,2007-08,NY,8,1,0,0,0,0,0,17,1,0,0,0,0,0,0,0,0,0.300,211,242,1.515,Below Expectations
7868,"Napolitano, Grace",1100538,29903,110,2007-08,CA,38,1,0,0,0,0,0,3,1,1,1,0,2,0,0,0,0,0.309,208,242,1.309,Below Expectations
7869,"Neal, Richard",1102102,15616,110,2007-08,MA,2,1,0,0,0,0,0,17,0,0,0,0,0,0,0,0,0,0.213,220,242,1.653,Below Expectations
7870,"Neugebauer, Randy",1104319,20353,110,2007-08,TX,19,0,0,0,0,0,0,9,0,1,1,0,0,0,0,0,0,0.293,108,205,0.286,Meets Expectations
7871,"Norton, Eleanor",110.6,,110,2007-08,DC,1,,2,1,2,1,0,40,11,11,7,3,1,0,0,0,0,4.831,.,.,1.133,Exceeds Expectations
7872,"Norwood, Charles",1101010.1,29513,110,2007-08,GA,10,0,0,0,0,0,0,4,0,1,1,1,0,0,0,0,0,0.575,52,205,0.561,Meets Expectations
7873,"Nunes, Devin",1100521,20307,110,2007-08,CA,21,0,0,0,0,0,0,12,1,1,1,0,0,0,0,0,0,0.417,75,205,0.286,Meets Expectations
7874,"Oberstar, James",1102308,14265,110,2007-08,MN,8,1,6,6,6,6,3,32,18,20,15,7,1,1,1,1,0,12.972,2,242,5.295,Exceeds Expectations
7875,"Obey, David",1104907,12036,110,2007-08,WI,7,1,6,2,6,6,1,4,0,0,0,0,0,0,0,0,0,3.398,19,242,5.935,Meets Expectations
7876,"Olver, John",1102101,29123,110,2007-08,MA,1,1,1,1,1,1,1,7,2,1,1,1,0,0,0,0,0,2.036,49,242,1.584,Meets Expectations
7877,"Ortiz, Solomon",1104327,15049,110,2007-08,TX,27,1,0,0,0,0,0,6,2,1,1,0,0,0,0,0,0,0.429,184,242,1.859,Below Expectations
7878,"Pallone, Frank",1103006,15454,110,2007-08,NJ,6,1,0,0,0,0,0,37,6,7,4,2,0,0,0,0,0,2.641,34,242,1.653,Exceeds Expectations
7879,"Pascrell, Bill",1103008,29741,110,2007-08,NJ,8,1,0,0,0,0,0,28,3,3,2,0,1,0,0,0,0,1.056,109,242,0.943,Meets Expectations
7880,"Pastor, Ed",1100304,29101,110,2007-08,AZ,4,1,0,0,0,0,0,6,3,1,0,0,2,0,0,0,0,0.423,185,242,1.150,Below Expectations
7881,"Paul, Ron",1104314,14290,110,2007-08,TX,14,0,0,0,0,0,0,66,0,0,0,0,0,0,0,0,0,0.827,31,205,0.492,Exceeds Expectations
7882,"Payne, Donald",1103010,15619,110,2007-08,NJ,10,1,0,0,0,0,0,13,3,3,3,1,1,0,0,0,0,1.311,88,242,1.653,Meets Expectations
7883,"Pearce, Stevan",1103102,20337,110,2007-08,NM,2,0,0,0,0,0,0,35,5,4,1,0,0,0,0,0,0,1.299,13,205,0.286,Exceeds Expectations
7884,"Pelosi, Nancy",1100508,15448,110,2007-08,CA,8,1,2,0,2,2,2,7,1,0,0,0,0,0,0,0,0,2.326,37,242,1.287,Exceeds Expectations
7885,"Pence, Mike",1101406,20117,110,2007-08,IN,6,0,0,0,0,0,0,4,0,0,0,0,0,0,0,0,0,0.050,189,205,0.355,Below Expectations
7886,"Perlmutter, Ed",1100607,20705,110,2007-08,CO,7,1,0,0,0,0,0,11,3,3,2,0,1,1,1,1,1,0.965,114,242,0.600,Exceeds Expectations
7887,"Peterson, John",1103805,29751,110,2007-08,PA,5,0,0,0,0,0,0,6,0,0,0,0,0,0,0,0,0,0.075,183,205,0.492,Below Expectations
7888,"Peterson, Collin",1102307,29127,110,2007-08,MN,7,1,4,1,4,4,2,9,1,2,2,2,0,0,0,0,0,4.345,13,242,4.745,Meets Expectations
7889,"Petri, Thomas",1104906,14675,110,2007-08,WI,6,0,0,0,0,0,0,10,0,0,0,0,1,0,0,0,0,0.128,162,205,1.111,Below Expectations
7890,"Pickering, Charles",1102403,29734,110,2007-08,MS,3,0,0,0,0,0,0,3,0,0,0,0,1,1,1,1,1,0.163,153,205,0.492,Below Expectations
7891,"Pitts, Joseph",1103816,29752,110,2007-08,PA,16,0,0,0,0,0,0,8,0,0,0,0,0,0,0,0,0,0.100,176,205,0.492,Below Expectations
7892,"Platts, Todd",1103819,20135,110,2007-08,PA,19,0,0,0,0,0,0,11,0,0,0,0,1,0,0,0,0,0.140,156,205,0.355,Below Expectations
7893,"Poe, Ted",1104302,20528,110,2007-08,TX,2,0,0,0,0,0,0,17,0,0,0,0,1,1,1,1,1,0.338,90,205,0.217,Exceeds Expectations
7894,"Pomeroy, Earl",1103401,29384,110,2007-08,ND,1,1,0,0,0,0,0,36,0,1,1,0,0,0,0,0,0,0.631,154,242,1.081,Meets Expectations
7895,"Porter, Jon",1102803,20334,110,2007-08,NV,3,0,0,0,0,0,0,10,1,3,3,0,2,1,2,1,0,0.827,32,205,0.286,Exceeds Expectations
7896,"Price, David",1103304,15438,110,2007-08,NC,4,1,2,2,2,1,1,20,3,1,1,0,0,0,0,0,0,2.304,39,242,1.377,Exceeds Expectations
7897,"Price, Tom",1101006,20505,110,2007-08,GA,6,0,0,0,0,0,0,9,0,0,0,0,0,0,0,0,0,0.113,169,205,0.217,Meets Expectations
7898,"Pryce, Deborah",1103515,29390,110,2007-08,OH,15,0,0,0,0,0,0,7,1,1,1,1,0,0,0,0,0,0.700,40,205,0.630,Meets Expectations
7899,"Putnam, Adam",1100912,20113,110,2007-08,FL,12,0,0,0,0,0,0,5,0,0,0,0,0,0,0,0,0,0.063,184,205,0.355,Below Expectations
7900,"Radanovich, George",1100519,29505,110,2007-08,CA,19,0,0,0,0,0,0,4,2,2,2,0,0,0,0,0,0,0.584,50,205,0.561,Meets Expectations
7901,"Rahall, Nick",1104803,14448,110,2007-08,WV,3,1,4,0,4,2,1,14,8,6,5,0,0,0,0,0,0,3.691,17,242,5.226,Meets Expectations
7902,"Ramstad, Jim",1102303,29126,110,2007-08,MN,3,0,0,0,0,0,0,14,0,1,1,1,1,0,0,0,0,0.703,39,205,0.699,Meets Expectations
7903,"Rangel, Charles",1103215,13035,110,2007-08,NY,15,1,18,8,17,16,6,35,9,18,15,7,8,2,2,2,1,18.686,1,242,5.432,Exceeds Expectations
7904,"Regula, Ralph",1103516,14045,110,2007-08,OH,16,0,0,0,0,0,0,2,1,1,1,0,1,0,0,0,0,0.294,107,205,1.317,Below Expectations
7905,"Rehberg, Dennis",1102601,20125,110,2007-08,MT,1,0,0,0,0,0,0,8,1,1,1,0,0,0,0,0,0,0.367,84,205,0.355,Meets Expectations
7906,"Reichert, David",1104708,20536,110,2007-08,WA,8,0,0,0,0,0,0,16,2,1,1,1,0,0,0,0,0,0.900,27,205,0.217,Exceeds Expectations
7907,"Renzi, Rick",1100301,20303,110,2007-08,AZ,1,0,0,0,0,0,0,5,0,1,1,0,1,0,0,0,0,0.245,122,205,0.286,Meets Expectations
7908,"Reyes, Silvestre",1104316,29764,110,2007-08,TX,16,1,4,2,4,3,1,12,3,1,1,0,3,2,2,1,0,3.068,26,242,4.538,Meets Expectations
7909,"Reynolds, Thomas",1103226,29928,110,2007-08,NY,26,0,0,0,0,0,0,20,0,0,0,0,0,0,0,0,0,0.251,119,205,0.424,Meets Expectations
7910,"Richardson, Laura",1100537.2,20752,110,2007-08,CA,37,1,0,0,0,0,0,5,1,1,1,1,0,0,0,0,0,0.675,147,242,,Meets Expectations
7911,"Rodriguez, Ciro",1104323,29771,110,2007-08,TX,23,1,0,0,0,0,0,14,5,4,3,0,1,1,1,1,1,1.357,80,242,0.600,Exceeds Expectations
7912,"Rogers, Mike",1100103,20301,110,2007-08,AL,3,0,0,0,0,0,0,10,0,0,0,0,0,0,0,0,0,0.125,164,205,0.286,Below Expectations
7913,"Rogers, Harold",1101705,14854,110,2007-08,KY,5,0,0,0,0,0,0,1,0,0,0,0,0,0,0,0,0,0.013,201,205,1.042,Below Expectations
7914,"Rohrabacher, Dana",1100546,15621,110,2007-08,CA,46,0,0,0,0,0,0,11,0,1,1,0,0,0,0,0,0,0.318,98,205,0.767,Below Expectations
7915,"Ros-Lehtinen, Ileana",1100918,15634,110,2007-08,FL,18,0,0,0,0,0,0,23,4,5,4,2,2,1,2,2,2,2.361,2,205,0.767,Exceeds Expectations
7916,"Roskam, Peter",1101306,20715,110,2007-08,IL,6,0,0,0,0,0,0,12,0,1,1,0,0,0,0,0,0,0.330,92,205,0.148,Exceeds Expectations
7917,"Ross, Mike",1100404,20102,110,2007-08,AR,4,1,0,0,0,0,0,18,0,0,0,0,2,2,2,2,2,0.475,178,242,0.806,Meets Expectations
7918,"Rothman, Steven",1103009,29742,110,2007-08,NJ,9,1,0,0,0,0,0,12,2,1,1,0,1,0,0,0,0,0.507,173,242,0.943,Meets Expectations
7919,"Roybal-Allard, Lucille",1100534,29317,110,2007-08,CA,34,1,1,0,0,0,0,10,1,2,1,1,0,0,0,0,0,0.844,129,242,1.081,Meets Expectations
7920,"Royce, Edward",1100540,29321,110,2007-08,CA,40,0,0,0,0,0,0,5,0,1,1,0,0,0,0,0,0,0.243,125,205,0.630,Below Expectations
7921,"Ruppersberger, C.",1102002,20329,110,2007-08,MD,2,1,0,0,0,0,0,8,0,1,1,0,0,0,0,0,0,0.280,214,242,0.737,Below Expectations
7922,"Rush, Bobby",1101301,29346,110,2007-08,IL,1,1,1,1,1,1,1,15,3,2,2,0,2,0,0,0,0,2.063,48,242,1.515,Meets Expectations
7923,"Ryan, Tim",1103517,20343,110,2007-08,OH,17,1,0,0,0,0,0,7,0,0,0,0,0,0,0,0,0,0.088,233,242,0.737,Below Expectations
7924,"Ryan, Paul",1104901,29939,110,2007-08,WI,1,0,0,0,0,0,0,12,0,0,0,0,0,0,0,0,0,0.150,155,205,0.424,Below Expectations
7925,"Salazar, John",1100603,20502,110,2007-08,CO,3,1,0,0,0,0,0,30,8,4,4,0,0,0,0,0,0,1.791,54,242,0.668,Exceeds Expectations
7926,"Sali, Bill",1101201,20714,110,2007-08,ID,1,0,0,0,0,0,0,8,0,0,0,0,0,0,0,0,0,0.100,173,205,0.148,Meets Expectations
7927,"Sanchez, Linda",1100539,20310,110,2007-08,CA,39,1,0,0,0,0,0,18,6,6,4,0,0,0,0,0,0,1.631,63,242,1.171,Meets Expectations
7928,"Sanchez, Loretta",1100547,29709,110,2007-08,CA,47,1,0,0,0,0,0,11,1,1,1,0,0,0,0,0,0,0.405,186,242,1.377,Below Expectations
7929,"Sarbanes, John",1102003,20724,110,2007-08,MD,3,1,0,0,0,0,0,13,4,5,5,1,0,0,0,0,0,1.756,55,242,1.150,Exceeds Expectations
7930,"Saxton, Jim",1103003,15112,110,2007-08,NJ,3,0,0,0,0,0,0,16,4,3,3,1,0,0,0,0,0,1.433,10,205,0.905,Exceeds Expectations
7931,"Scalise, Steve",1101801.2,20759,110,2007-08,LA,1,0,0,0,0,0,0,3,0,0,0,0,0,0,0,0,0,0.038,194,205,,Meets Expectations
7932,"Schakowsky, Janice",1101309,29911,110,2007-08,IL,9,1,0,0,0,0,0,24,4,3,3,1,0,0,0,0,0,1.534,67,242,0.875,Exceeds Expectations
7933,"Schiff, Adam",1100529,20104,110,2007-08,CA,29,1,0,0,0,0,0,15,2,2,2,0,2,1,1,1,1,0.849,128,242,0.806,Meets Expectations
7934,"Schmidt, Jean",1103502,20540,110,2007-08,OH,2,0,0,0,0,0,0,6,0,0,0,0,2,0,2,2,2,0.290,109,205,0.217,Meets Expectations
7935,"Schwartz, Allyson",1103813,20525,110,2007-08,PA,13,1,0,0,0,0,0,16,0,0,0,0,0,0,0,0,0,0.201,221,242,0.668,Below Expectations
7936,"Scott, David",1101013,20321,110,2007-08,GA,13,1,0,0,0,0,0,5,3,4,4,2,0,0,0,0,0,1.734,56,242,0.737,Exceeds Expectations
7937,"Scott, Robert",1104603,39307,110,2007-08,VA,3,1,0,0,0,0,0,34,8,6,6,1,0,0,0,0,0,2.547,35,242,1.515,Exceeds Expectations
7938,"Sensenbrenner, F.",1104905,14657,110,2007-08,WI,5,0,0,0,0,0,0,9,2,1,1,0,0,0,0,0,0,0.467,71,205,1.111,Below Expectations
7939,"Serrano, Jose",1103216,29134,110,2007-08,NY,16,1,2,2,2,1,0,17,1,1,0,0,0,0,0,0,0,1.304,89,242,1.584,Meets Expectations
7940,"Sessions, Pete",1104332,29759,110,2007-08,TX,32,0,0,0,0,0,0,11,0,1,1,1,0,0,0,0,0,0.663,44,205,0.492,Meets Expectations
7941,"Sestak, Joe",1103807,20744,110,2007-08,PA,7,1,0,0,0,0,0,20,3,3,3,1,0,0,0,0,0,1.397,74,242,0.600,Exceeds Expectations
7942,"Shadegg, John",1100303,29501,110,2007-08,AZ,3,0,0,0,0,0,0,19,0,0,0,0,0,0,0,0,0,0.238,126,205,0.561,Below Expectations
7943,"Shays, Christopher",1100704,15449,110,2007-08,CT,4,0,0,0,0,0,0,20,1,0,0,0,0,0,0,0,0,0.338,91,205,0.836,Below Expectations
7944,"Shea-Porter, Carol",1102901,20731,110,2007-08,NH,1,1,0,0,0,0,0,19,1,0,0,0,0,0,0,0,0,0.325,205,242,0.600,Meets Expectations
7945,"Sherman, Brad",1100527,29707,110,2007-08,CA,27,1,0,0,0,0,0,14,2,3,3,0,0,0,0,0,0,0.889,122,242,1.377,Meets Expectations
7946,"Shimkus, John",1101319,29718,110,2007-08,IL,19,0,0,0,0,0,0,1,0,0,0,0,0,0,0,0,0,0.013,204,205,0.492,Below Expectations
7947,"Shuler, Heath",1103311,20737,110,2007-08,NC,11,1,0,0,0,0,0,10,2,2,1,0,1,0,1,1,1,0.669,150,242,1.034,Meets Expectations
7948,"Shuster, Bill",1103809,20134,110,2007-08,PA,9,0,0,0,0,0,0,6,0,0,0,0,1,0,0,0,0,0.078,180,205,0.355,Below Expectations
7949,"Simpson, Michael",1101202,29910,110,2007-08,ID,2,0,0,0,0,0,0,13,1,3,3,1,1,0,0,0,0,1.137,17,205,0.424,Exceeds Expectations
7950,"Sires, Albio",1103013,20542,110,2007-08,NJ,13,1,0,0,0,0,0,8,5,3,2,0,3,3,3,3,2,1.283,92,242,0.600,Exceeds Expectations
7951,"Skelton, Ike",1102504,14451,110,2007-08,MO,4,1,5,3,4,4,1,5,2,2,2,1,1,1,1,1,1,3.844,16,242,5.226,Meets Expectations
7952,"Slaughter, Louise",1103228,15444,110,2007-08,NY,28,1,1,1,1,1,1,16,2,1,0,0,0,0,0,0,0,1.706,57,242,4.882,Below Expectations
7953,"Smith, Adam",1104709,29768,110,2007-08,WA,9,1,0,0,0,0,0,9,1,1,1,0,0,0,0,0,0,0.380,194,242,1.377,Below Expectations
7954,"Smith, Lamar",1104321,15445,110,2007-08,TX,21,0,0,0,0,0,0,10,0,1,1,0,1,1,1,1,0,0.361,85,205,0.836,Below Expectations
7955,"Smith, Christopher",1103004,14863,110,2007-08,NJ,4,0,0,0,0,0,0,24,5,5,3,0,1,0,0,0,0,1.442,8,205,1.042,Meets Expectations
7956,"Smith, Adrian",1102703,20729,110,2007-08,NE,3,0,0,0,0,0,0,5,0,0,0,0,0,0,0,0,0,0.063,185,205,0.148,Below Expectations
7957,"Snyder, Vic",1100402,29703,110,2007-08,AR,2,1,0,0,0,0,0,4,0,0,0,0,2,0,1,1,1,0.160,226,242,1.377,Below Expectations
7958,"Solis, Hilda",1100532,20105,110,2007-08,CA,32,1,0,0,0,0,0,24,6,2,1,0,2,2,2,2,2,1.334,84,242,0.806,Exceeds Expectations
7959,"Souder, Mark",1101403,29519,110,2007-08,IN,3,0,0,0,0,0,0,3,0,0,0,0,1,1,1,1,1,0.163,152,205,0.561,Below Expectations
7960,"Space, Zachary",1103518,20741,110,2007-08,OH,18,1,0,0,0,0,0,27,4,3,3,0,1,1,1,1,1,1.351,81,242,0.600,Exceeds Expectations
7961,"Speier, Jackie",1100512.2,20762,110,2007-08,CA,12,1,0,0,0,0,0,1,0,0,0,0,1,0,1,1,1,0.120,229,242,,Meets Expectations
7962,"Spratt, John",1104005,15064,110,2007-08,SC,5,1,0,0,0,0,0,17,2,1,1,1,0,0,0,0,0,0.912,119,242,5.020,Below Expectations
7963,"Stark, Fortney",1100513,14053,110,2007-08,CA,13,1,0,0,0,0,0,17,1,0,0,0,3,0,2,2,1,0.449,181,242,2.203,Below Expectations
7964,"Stearns, Cliff",1100906,15627,110,2007-08,FL,6,0,0,0,0,0,0,14,2,1,1,0,0,0,0,0,0,0.529,59,205,0.767,Meets Expectations
7965,"Stupak, Bart",1102201,29360,110,2007-08,MI,1,1,1,0,1,0,0,45,6,7,5,2,4,0,1,1,1,3.144,24,242,1.515,Exceeds Expectations
7966,"Sullivan, John",1103601,20131,110,2007-08,OK,1,0,0,0,0,0,0,11,0,0,0,0,1,0,1,1,1,0.245,121,205,0.286,Meets Expectations
7967,"Sutton, Betty",1103513,20740,110,2007-08,OH,13,1,0,0,0,0,0,8,0,1,1,0,0,0,0,0,0,0.280,215,242,0.600,Below Expectations
7968,"Tancredo, Thomas",1100606,29907,110,2007-08,CO,6,0,0,0,0,0,0,16,0,0,0,0,3,0,0,0,0,0.208,134,205,0.424,Below Expectations
7969,"Tanner, John",1104208,15628,110,2007-08,TN,8,1,0,0,0,0,0,11,2,2,2,0,0,0,0,0,0,0.672,148,242,1.218,Meets Expectations
7970,"Tauscher, Ellen",1100510,29705,110,2007-08,CA,10,1,0,0,0,0,0,60,2,1,1,0,0,0,0,0,0,1.106,107,242,1.377,Meets Expectations
7971,"Taylor, Gene",1102404,15637,110,2007-08,MS,4,1,1,0,0,0,0,2,0,0,0,0,0,0,0,0,0,0.050,238,242,1.653,Below Expectations
7972,"Terry, Lee",1102702,29921,110,2007-08,NE,2,0,0,0,0,0,0,30,0,0,0,0,1,0,0,0,0,0.379,82,205,0.424,Meets Expectations
7973,"Thompson, Bennie",1102402,29368,110,2007-08,MS,2,1,2,1,2,2,1,19,4,4,3,0,2,2,2,2,1,3.023,27,242,4.676,Meets Expectations
7974,"Thompson, Mike",1100501,29901,110,2007-08,CA,1,1,0,0,0,0,0,24,5,3,3,1,0,0,0,0,0,1.621,64,242,0.875,Exceeds Expectations
7975,"Thornberry, Mac",1104313,29572,110,2007-08,TX,13,0,0,0,0,0,0,8,0,0,0,0,0,0,0,0,0,0.100,175,205,0.561,Below Expectations
7976,"Tiahrt, Todd",1101604,29524,110,2007-08,KS,4,0,0,0,0,0,0,8,0,0,0,0,3,1,2,2,1,0.266,113,205,0.561,Below Expectations
7977,"Tiberi, Patrick",1103512,20130,110,2007-08,OH,12,0,0,0,0,0,0,4,0,0,0,0,0,0,0,0,0,0.050,190,205,0.355,Below Expectations
7978,"Tierney, John",1102106,29730,110,2007-08,MA,6,1,0,0,0,0,0,8,0,0,0,0,0,0,0,0,0,0.100,232,242,1.377,Below Expectations
7979,"Towns, Edolphus",1103210,15072,110,2007-08,NY,10,1,0,0,0,0,0,39,4,5,5,1,2,2,2,2,1,2.262,40,242,1.859,Meets Expectations
7980,"Tsongas, Niki",1102105.2,20754,110,2007-08,MA,5,1,0,0,0,0,0,5,1,1,1,0,0,0,0,0,0,0.330,203,242,,Meets Expectations
7981,"Turner, Michael",1103503,20342,110,2007-08,OH,3,0,0,0,0,0,0,9,1,3,3,0,0,0,0,0,0,0.740,35,205,0.286,Exceeds Expectations
7982,"Udall, Tom",1103103,29924,110,2007-08,NM,3,1,0,0,0,0,0,22,8,6,6,1,2,1,1,1,1,2.524,36,242,0.875,Exceeds Expectations
7983,"Udall, Mark",1100602,29906,110,2007-08,CO,2,1,0,0,0,0,0,52,9,8,4,1,1,0,1,1,1,2.935,29,242,1.309,Exceeds Expectations
7984,"Upton, Fred",1102206,15446,110,2007-08,MI,6,0,0,0,0,0,0,8,1,2,2,0,1,0,0,0,0,0.550,56,205,0.836,Meets Expectations
7985,"Van Hollen, Chris",1102008,20330,110,2007-08,MD,8,1,1,1,1,1,0,21,0,1,1,1,0,0,0,0,0,1.347,82,242,0.737,Exceeds Expectations
7986,"Velazquez, Nydia",1103212,29378,110,2007-08,NY,12,1,0,0,0,0,0,37,5,6,6,1,0,0,0,0,0,2.323,38,242,4.676,Below Expectations
7987,"Visclosky, Peter",1101401,15124,110,2007-08,IN,1,1,2,2,2,1,0,11,3,3,2,1,1,1,1,1,1,2.232,41,242,1.790,Meets Expectations
7988,"Walberg, Timothy",1102207,20725,110,2007-08,MI,7,0,0,0,0,0,0,10,0,0,0,0,1,1,1,1,1,0.250,120,205,0.148,Exceeds Expectations
7989,"Walden, Greg",1103702,29932,110,2007-08,OR,2,0,0,0,0,0,0,6,1,1,1,0,0,0,0,0,0,0.342,88,205,0.424,Meets Expectations
7990,"Walsh, James",1103225,15630,110,2007-08,NY,25,0,0,0,0,0,0,2,1,0,0,0,4,0,0,0,0,0.122,168,205,0.767,Below Expectations
7991,"Walz, Timothy",1102301,20726,110,2007-08,MN,1,1,0,0,0,0,0,9,2,1,0,0,1,0,0,0,0,0.371,195,242,0.600,Meets Expectations
7992,"Wamp, Zach",1104203,29567,110,2007-08,TN,3,0,1,1,1,1,1,6,1,1,1,0,2,1,1,1,1,1.719,5,205,0.561,Exceeds Expectations
7993,"Wasserman Schultz, Debbie",1100920,20504,110,2007-08,FL,20,1,1,1,1,1,0,5,2,2,2,0,0,0,0,0,0,1.155,103,242,1.102,Meets Expectations
7994,"Waters, Maxine",1100535,29106,110,2007-08,CA,35,1,2,2,2,2,0,28,11,9,7,0,1,0,0,0,0,3.851,15,242,1.584,Exceeds Expectations
7995,"Watson, Diane",1100533,20106,110,2007-08,CA,33,1,0,0,0,0,0,10,3,3,2,1,0,0,0,0,0,1.173,100,242,0.806,Meets Expectations
7996,"Watt, Melvin",1103312,29383,110,2007-08,NC,12,1,0,0,0,0,0,21,1,1,1,0,0,0,0,0,0,0.530,170,242,1.515,Below Expectations
7997,"Waxman, Henry",1100530,14280,110,2007-08,CA,30,1,3,3,3,2,0,33,10,10,8,1,0,0,0,0,0,4.712,8,242,5.295,Meets Expectations
7998,"Weiner, Anthony",1103209,29926,110,2007-08,NY,9,1,0,0,0,0,0,47,4,4,2,0,0,0,0,0,0,1.461,71,242,0.875,Exceeds Expectations
7999,"Welch, Peter",1104501,20750,110,2007-08,VT,1,1,0,0,0,0,0,22,4,3,3,1,1,0,0,0,0,1.511,69,242,0.600,Exceeds Expectations
8000,"Weldon, Dave",1100915,29509,110,2007-08,FL,15,0,0,0,0,0,0,11,0,0,0,0,0,0,0,0,0,0.138,159,205,0.561,Below Expectations
8001,"Weller, Jerry",1101311,29516,110,2007-08,IL,11,0,0,0,0,0,0,22,0,0,0,0,2,2,2,2,2,0.526,61,205,0.561,Meets Expectations
8002,"Westmoreland, Lynn",1101003,20506,110,2007-08,GA,3,0,0,0,0,0,0,2,0,1,1,1,1,1,1,1,1,0.675,43,205,0.217,Exceeds Expectations
8003,"Wexler, Robert",1100919,29715,110,2007-08,FL,19,1,0,0,0,0,0,17,3,2,2,0,1,1,1,1,1,0.959,115,242,1.377,Meets Expectations
8004,"Whitfield, Ed",1101701,29525,110,2007-08,KY,1,0,0,0,0,0,0,8,0,0,0,0,0,0,0,0,0,0.100,174,205,0.561,Below Expectations
8005,"Wicker, Roger",1102401.1,29534,110,2007-08,MS,1,0,0,0,0,0,0,1,0,0,0,0,0,0,0,0,0,0.013,203,205,0.561,Below Expectations
8006,"Wilson, Charles",1103506,20739,110,2007-08,OH,6,1,0,0,0,0,0,4,0,0,0,0,1,0,0,0,0,0.053,237,242,0.600,Below Expectations
8007,"Wilson, Joe",1104002,20138,110,2007-08,SC,2,0,0,0,0,0,0,25,0,1,1,0,1,0,0,0,0,0.496,65,205,0.355,Meets Expectations
8008,"Wilson, Heather",1103101,29779,110,2007-08,NM,1,0,0,0,0,0,0,27,0,1,1,0,1,0,0,0,0,0.521,63,205,0.424,Meets Expectations
8009,"Wittman, Robert",1104601.2,20756,110,2007-08,VA,1,0,0,0,0,0,0,6,0,0,0,0,1,1,1,1,1,0.200,139,205,,Meets Expectations
8010,"Wolf, Frank",1104610,14869,110,2007-08,VA,10,0,0,0,0,0,0,7,1,1,0,0,0,0,0,0,0,0.257,115,205,1.042,Below Expectations
8011,"Woolsey, Lynn",1100506,29309,110,2007-08,CA,6,1,0,0,0,0,0,25,4,4,4,0,0,0,0,0,0,1.381,77,242,1.515,Meets Expectations
8012,"Wu, David",1103701,29931,110,2007-08,OR,1,1,0,0,0,0,0,19,5,4,2,0,1,1,1,1,1,1.322,86,242,1.309,Meets Expectations
8013,"Wynn, Albert",1102004.1,29355,110,2007-08,MD,4,1,0,0,0,0,0,14,2,0,0,0,1,0,0,0,0,0.352,198,242,1.515,Below Expectations
8014,"Yarmuth, John",1101703,20723,110,2007-08,KY,3,1,0,0,0,0,0,13,0,1,1,0,2,1,1,1,1,0.470,179,242,0.600,Meets Expectations
8015,"Young, C.W.",1100910,13047,110,2007-08,FL,10,0,0,0,0,0,0,1,0,0,0,0,1,0,0,0,0,0.015,200,205,1.386,Below Expectations
8016,"Young, Don",1100201,14066,110,2007-08,AK,1,0,0,0,0,0,0,40,14,9,8,1,0,0,0,0,0,3.585,1,205,1.317,Exceeds Expectations